{"0": {"precision": 0.832572298325723, "recall": 0.9963570127504554, "f1-score": 0.9071310116086235, "support": 549}, "1": {"precision": 0.9914529914529915, "recall": 0.6783625730994152, "f1-score": 0.8055555555555556, "support": 342}, "accuracy": 0.8742985409652076, "macro avg": {"precision": 0.9120126448893573, "recall": 0.8373597929249352, "f1-score": 0.8563432835820896, "support": 891}, "weighted avg": {"precision": 0.8935568067988159, "recall": 0.8742985409652076, "f1-score": 0.868142452719567, "support": 891}, "threshold": 0.7525541667834428}